{"Linear Regression": 7.372021549984036, "AdaBoost": 5.560799036882807, "Random Forest": 4.849996322381543, "XGB Regressor": 4.57600030380744, "MLP": 11.27959362693833, "SVM": 10.848096400002243, "Stacking Regressor": 9.822043287661526}